men,women,lastname
José,Sofía,GARCIA
Luis,Valentina,RODRIGUEZ
Carlos,Isabella,MARTINEZ
Juan,Camila,HERNANDEZ
Jorge,Valeria,LOPEZ
Pedro,Mariana,GONZALEZ
Jesús,Gabriela,PEREZ
Manuel,Sara,SANCHEZ
Santiago,Daniella,RAMIREZ
Sebastián,María José,TORRES
Matías,Victoria,FLORES
Nicolás,Martina,RIVERA
Samuel,Luciana,GOMEZ
Alejandro,Ximena,DIAZ
Mateo,María Fernanda,REYES
Diego,Lucía,MORALES
Benjamín,Natalia,CRUZ
Daniel,Catalina,ORTIZ
Joaquín,Mía,GUTIERREZ
Tomás,Fernanda,CHAVEZ
Gabriel,Nicole,RAMOS
Lucas,Julieta,GONZALES
Martín,Abril,RUIZ
Emmanuel,Samantha,ALVAREZ
Alexander,Andrea,MENDOZA
David,Antonella,VASQUEZ
Emiliano,Emily,CASTILLO
Juan José,Emilia,JIMENEZ
Andrés,Paula,MORENO
Felipe,Alessandra,ROMERO
Ignacio,Juana,HERRERA
Leonardo,Antonia,MEDINA
Adrián,Juliana,AGUILAR
Francisco,Alejandra,GARZA
Rodrigo,Guadalupe,CASTRO
Ángel,Emma,VARGAS
Miguel Ángel,Regina,FERNANDEZ
Fernando,Danna,GUZMAN
Santino,Abigail,MUNOZ
Bautista,Agustina,MENDEZ
Agustín,Renata,SALAZAR
Juan Pablo,Allison,SOTO
Vicente,Brianna,DELGADO
Thiago,Valery,PENA
Maximiliano,Florencia,RIOS
Pablo,Constanza,ALVARADO
Eduardo,Josefina,SANDOVAL
Christopher,Ashley,CONTRERAS
Kevin,Laura,VALDEZ
Isaac,Manuela,GUERRERO
Juan Diego,Zoe,ORTEGA
Aarón,María Camila,ESTRADA
Dylan,Morena,NUNEZ
Esteban,Amanda,MALDONADO
Juan Sebastián,María,VEGA
Franco,Adriana,VAZQUEZ
Lautaro,Alexa,SANTIAGO
Miguel,Génesis,DOMINGUEZ
Juan David,Bianca,ESPINOZA
Ricardo,Jazmín,SILVA
Bruno,Melanie,PADILLA
Luciano,Alma,MARQUEZ
Emilio,Micaela,CORTEZ
Juan Esteban,Carla,ROJAS
Julián,Delfina,ACOSTA
Valentino,Maite,FIGUEROA
Javier,María Paula,LUNA
Joshua,Luna,JUAREZ
Rafael,Paulina,NAVARRO
Diego Alejandro,Carolina,CAMPOS
Gael,Ariana,MOLINA
Óscar,Mariángel,AVILA
Juan Manuel,Miranda,AYALA
Máximo,Ana,MEJIA
Axel,Angelina,CARRILLO
Facundo,Violeta,DURAN
Jonathan,Isabel,SANTOS
Ian,Candela,SALINAS
Josué,Romina,ROBLES
Camilo,Josefa,SOLIS
Sergio,Milagros,LARA
Jerónimo,Olivia,CERVANTES
Álex,Fátima,AGUIRRE
Mauricio,Pilar,DELEON
Juan Camilo,Isidora,OCHOA
Alonso,Lola,MIRANDA
Anthony,Michelle,CARDENAS
Dante,Ivana,TRUJILLO
Christian,Fabiana,VELASQUEZ
Simón,Fiorella,FUENTES
Patricio,Luana,CABRERA
Héctor,Aitana,LEON
Iván,Rocío,RIVAS
Marcos,Salomé,MONTOYA
Ramiro,Malena,CALDERON
Alberto,Paola,COLON
Matthew,Paloma,SERRANO
Mario,Diana,GALLEGOS
Alan,Kimberly,ROSALES
Arturo,Vanessa,CASTANEDA
,,VILLARREAL
,,GUERRA
,,TREVINO
,,PACHECO
,,IBARRA
,,VALENCIA
,,MACIAS
,,CAMACHO
,,SALAS
,,OROZCO
,,ROMAN
,,ZAMORA
,,SUAREZ
,,FRANCO
,,BARRERA
,,MERCADO
,,SANTANA
,,VALENZUELA
,,ESCOBAR
,,RANGEL
,,MELENDEZ
,,VELEZ
,,LOZANO
,,VELAZQUEZ
,,SMITH
,,ARIAS
,,MORA
,,DELACRUZ
,,GALVAN
,,ZUNIGA
,,CANTU
,,VILLANUEVA
,,MEZA
,,ACEVEDO
,,CISNEROS
,,ARROYO
,,PINEDA
,,ANDRADE
,,TAPIA
,,SOSA
,,VILLA
,,ROCHA
,,RUBIO
,,ZAVALA
,,MONTES
,,PONCE
,,BONILLA
,,ARELLANO
,,ROSARIO
,,DAVILA
,,VILLEGAS
,,HUERTA
,,MATA
,,BELTRAN
,,BARAJAS
,,BENITEZ
,,ESPARZA
,,CORDOVA
,,MURILLO
,,SALGADO
,,ROSAS
,,CUEVAS
,,PALACIOS
,,GUEVARA
,,QUINTERO
,,JOHNSON
,,LUCERO
,,MEDRANO
,,BAUTISTA
,,MARTIN
,,LUGO
,,DEJESUS
,,ESPINOSA
,,MARIN
,,CORTES
,,MAGANA
,,QUINTANA
,,CORONA
,,TREJO
,,BERNAL
,,NIEVES
,,VILLALOBOS
,,ENRIQUEZ
,,REYNA
,,JARAMILLO
,,SAENZ
,,QUINONES
,,DELAROSA
,,AVALOS
,,ESQUIVEL
,,WILLIAMS
,,NAVA
,,CANO
,,BRAVO
,,DUARTE
,,GALINDO
,,CORREA
,,PARRA
,,RODRIQUEZ
,,SALDANA
,,LEAL
,,SIERRA